fecha,descripcion,categoria,monto,mes,peso_categoria,frecuencia,porcentaje_categoria,alerta_incremento,monto_normalizado,frecuencia_normalizada,score_financiero,tipo_gasto,requiere_atencion
2026-01-01,"Compra de frutas",alimentacion,20982,1,1.2,154,0.308,0,0.075,1,2.275,gasto_controlado,0
2026-01-01,"Cine y snacks",entretenimiento,76167,1,1.9,53,0.106,0,0.3002,0.2681,2.4683,gasto_no_esencial_alto,1
2026-01-01,"Pago de energia",servicios,179035,1,1.0,20,0.04,0,0.7199,0.029,1.7489,gasto_inusual,1
2026-01-01,"Pasaje de bus",transporte,4007,1,1.1,125,0.25,0,0.0057,0.7899,1.8956,gasto_frecuente,1
2026-01-02,"Cena en casa",alimentacion,34382,1,1.2,154,0.308,0,0.1297,1,2.3297,gasto_controlado,0
2026-01-02,"Matricula curso corto",educacion,154222,1,1.1,35,0.07,0,0.6187,0.1377,1.8564,gasto_inusual,1
2026-01-02,"Consulta medica",salud,74069,1,1.3,38,0.076,0,0.2916,0.1594,1.751,gasto_controlado,0
2026-01-02,"Taxi por lluvia",transporte,25958,1,1.1,125,0.25,0,0.0953,0.7899,1.9851,gasto_controlado,0
2026-01-03,"Domicilio comida",alimentacion,33763,1,1.2,154,0.308,0,0.1271,1,2.3271,gasto_controlado,0
2026-01-03,"Domicilio comida",alimentacion,39810,1,1.2,154,0.308,1,0.1518,1,3.3518,gasto_incremento_recurrente,1
2026-01-03,"Material de estudio",educacion,36296,1,1.1,35,0.07,0,0.1375,0.1377,1.3752,gasto_controlado,0
2026-01-03,"Salida a cine",entretenimiento,34806,1,1.9,53,0.106,0,0.1314,0.2681,2.2995,gasto_controlado,0
2026-01-03,"Pago de agua",servicios,41409,1,1.0,20,0.04,0,0.1583,0.029,1.1873,gasto_controlado,0
2026-01-03,"Taxi por lluvia",transporte,9214,1,1.1,125,0.25,0,0.027,0.7899,1.9168,gasto_frecuente,1
2026-01-04,"Cena en casa",alimentacion,23066,1,1.2,154,0.308,0,0.0835,1,2.2835,gasto_controlado,0
2026-01-04,"Pasaje de bus",transporte,3386,1,1.1,125,0.25,0,0.0032,0.7899,1.893,gasto_frecuente,1
2026-01-05,"Desayuno fuera",alimentacion,9232,1,1.2,154,0.308,0,0.027,1,2.227,gasto_frecuente,1
2026-01-05,"Pago de internet",servicios,83506,1,1.0,20,0.04,0,0.3301,0.029,1.3591,gasto_inusual,1
2026-01-05,"Gasolina",transporte,50477,1,1.1,125,0.25,0,0.1953,0.7899,2.0852,gasto_controlado,0
2026-01-05,"Transporte app",transporte,19077,1,1.1,125,0.25,0,0.0672,0.7899,1.9571,gasto_frecuente,1
2026-01-06,"Almuerzo oficina",alimentacion,22918,1,1.2,154,0.308,0,0.0829,1,2.2829,gasto_controlado,0
2026-01-06,"Pasaje de bus",transporte,4247,1,1.1,125,0.25,1,0.0067,0.7899,2.8966,gasto_incremento_recurrente,1
2026-01-06,"Pasaje de bus",transporte,2988,1,1.1,125,0.25,0,0.0016,0.7899,1.8914,gasto_frecuente,1
2026-01-07,"Almuerzo oficina",alimentacion,19333,1,1.2,154,0.308,0,0.0683,1,2.2683,gasto_frecuente,1
2026-01-07,"Compra en supermercado",alimentacion,137847,1,1.2,154,0.308,0,0.5519,1,2.7519,gasto_elevado,1
2026-01-07,"Compra de libro",educacion,41694,1,1.1,35,0.07,0,0.1595,0.1377,1.3972,gasto_controlado,0
2026-01-07,"Cine y snacks",entretenimiento,84312,1,1.9,53,0.106,1,0.3334,0.2681,3.5015,gasto_incremento_recurrente,1
2026-01-07,"Suscripcion almacenamiento",entretenimiento,12182,1,1.9,53,0.106,0,0.0391,0.2681,2.2072,gasto_controlado,0
2026-01-07,"Consulta medica",salud,73890,1,1.3,38,0.076,0,0.2909,0.1594,1.7503,gasto_controlado,0
2026-01-07,"Pago de celular",servicios,56182,1,1.0,20,0.04,0,0.2186,0.029,1.2476,gasto_controlado,0
2026-01-08,"Compra en supermercado",alimentacion,126087,1,1.2,154,0.308,0,0.5039,1,2.7039,gasto_elevado,1
2026-01-08,"Snack tarde",alimentacion,5214,1,1.2,154,0.308,0,0.0106,1,2.2106,gasto_frecuente,1
2026-01-08,"Compra de medicamento",salud,53258,1,1.3,38,0.076,0,0.2067,0.1594,1.6661,gasto_controlado,0
2026-01-08,"Recarga transporte",transporte,12534,1,1.1,125,0.25,0,0.0405,0.7899,1.9304,gasto_frecuente,1
2026-01-09,"Suscripcion de Netflix",entretenimiento,26673,1,1.9,53,0.106,0,0.0982,0.2681,2.2663,gasto_controlado,0
2026-01-10,"Mercado de la semana",alimentacion,64893,1,1.2,154,0.308,0,0.2542,1,2.4542,gasto_controlado,0
2026-01-10,"Suscripcion almacenamiento",entretenimiento,10120,1,1.9,53,0.106,0,0.0307,0.2681,2.1988,gasto_controlado,0
2026-01-10,"Transporte app",transporte,39648,1,1.1,125,0.25,1,0.1512,0.7899,3.041,gasto_incremento_recurrente,1
2026-01-11,"Compra en supermercado",alimentacion,122854,1,1.2,154,0.308,0,0.4907,1,2.6907,gasto_elevado,1
2026-01-11,"Plataforma de musica",entretenimiento,18288,1,1.9,53,0.106,0,0.064,0.2681,2.2321,gasto_controlado,0
2026-01-11,"Salida con amigos",ocio,78646,1,1.8,59,0.118,0,0.3103,0.3116,2.4219,gasto_inusual,1
2026-01-11,"Medicamentos formulados",salud,69083,1,1.3,38,0.076,0,0.2713,0.1594,1.7307,gasto_controlado,0
2026-01-11,"Taxi por lluvia",transporte,14058,1,1.1,125,0.25,1,0.0467,0.7899,2.9366,gasto_incremento_recurrente,1
2026-01-11,"Transporte app",transporte,24458,1,1.1,125,0.25,0,0.0892,0.7899,1.979,gasto_controlado,0
2026-01-12,"Plan familiar",ocio,67326,1,1.8,59,0.118,0,0.2641,0.3116,2.3757,gasto_no_esencial_alto,1
2026-01-12,"Pasaje de bus",transporte,3965,1,1.1,125,0.25,1,0.0055,0.7899,2.8954,gasto_incremento_recurrente,1
2026-01-12,"Pasaje de bus",transporte,2605,1,1.1,125,0.25,0,0,0.7899,1.8899,gasto_frecuente,1
2026-01-12,"Taxi por lluvia",transporte,15805,1,1.1,125,0.25,1,0.0539,0.7899,2.9437,gasto_incremento_recurrente,1
2026-01-13,"Curso virtual",educacion,110386,1,1.1,35,0.07,0,0.4398,0.1377,1.6775,gasto_inusual,1
2026-01-13,"Suscripcion almacenamiento",entretenimiento,9217,1,1.9,53,0.106,0,0.027,0.2681,2.1951,gasto_controlado,0
2026-01-13,"Cena en restaurante",ocio,100147,1,1.8,59,0.118,0,0.398,0.3116,2.5096,gasto_inusual,1
2026-01-15,"Mercado de la semana",alimentacion,97054,1,1.2,154,0.308,1,0.3854,1,3.5854,gasto_incremento_recurrente,1
2026-01-15,"Snack tarde",alimentacion,10644,1,1.2,154,0.308,1,0.0328,1,3.2328,gasto_incremento_recurrente,1
2026-01-15,"Control odontologico",salud,140514,1,1.3,38,0.076,0,0.5627,0.1594,2.0222,gasto_emergencia,1
2026-01-15,"Gimnasio mensual",salud,72207,1,1.3,38,0.076,0,0.284,0.1594,1.7434,gasto_controlado,0
2026-01-15,"Recarga transporte",transporte,11199,1,1.1,125,0.25,0,0.0351,0.7899,1.9249,gasto_frecuente,1
2026-01-16,"Accesorio celular",compras_no_esenciales,39155,1,2.0,16,0.032,0,0.1491,0,2.1491,gasto_controlado,0
2026-01-17,"Desayuno fuera",alimentacion,15011,1,1.2,154,0.308,1,0.0506,1,3.2506,gasto_incremento_recurrente,1
2026-01-17,"Helado y bebida",ocio,14870,1,1.8,59,0.118,0,0.05,0.3116,2.1616,gasto_controlado,0
2026-01-18,"Domicilio comida",alimentacion,57096,1,1.2,154,0.308,1,0.2224,1,3.4224,gasto_incremento_recurrente,1
2026-01-18,"Cafe y postre",ocio,12002,1,1.8,59,0.118,0,0.0383,0.3116,2.1499,gasto_controlado,0
2026-01-18,"Recarga transporte",transporte,21087,1,1.1,125,0.25,1,0.0754,0.7899,2.9653,gasto_incremento_recurrente,1
2026-01-19,"Taxi por lluvia",transporte,19891,1,1.1,125,0.25,1,0.0705,0.7899,2.9604,gasto_incremento_recurrente,1
2026-01-20,"Mercado de la semana",alimentacion,123037,1,1.2,154,0.308,1,0.4914,1,3.6914,gasto_incremento_recurrente,1
2026-01-20,"Evento cultural",entretenimiento,105452,1,1.9,53,0.106,0,0.4197,0.2681,2.5878,gasto_inusual,1
2026-01-20,"Gasolina",transporte,64355,1,1.1,125,0.25,1,0.252,0.7899,3.1418,gasto_incremento_recurrente,1
2026-01-21,"Compra en supermercado",alimentacion,126939,1,1.2,154,0.308,0,0.5073,1,2.7073,gasto_elevado,1
2026-01-21,"Plan familiar",ocio,50012,1,1.8,59,0.118,0,0.1934,0.3116,2.305,gasto_no_esencial_alto,1
2026-01-21,"Recarga transporte",transporte,16123,1,1.1,125,0.25,0,0.0552,0.7899,1.945,gasto_frecuente,1
2026-01-22,"Videojuego digital",entretenimiento,91969,1,1.9,53,0.106,0,0.3646,0.2681,2.5328,gasto_inusual,1
2026-01-22,"Salida con amigos",ocio,78064,1,1.8,59,0.118,0,0.3079,0.3116,2.4195,gasto_inusual,1
2026-01-22,"Transporte app",transporte,34934,1,1.1,125,0.25,1,0.1319,0.7899,3.0218,gasto_incremento_recurrente,1
2026-01-23,"Desayuno fuera",alimentacion,16266,1,1.2,154,0.308,0,0.0557,1,2.2557,gasto_frecuente,1
2026-01-23,"Pago plataforma educativa",educacion,40530,1,1.1,35,0.07,0,0.1548,0.1377,1.3924,gasto_controlado,0
2026-01-23,"Plan familiar",ocio,43289,1,1.8,59,0.118,0,0.166,0.3116,2.2776,gasto_controlado,0
2026-01-23,"Gasolina",transporte,49978,1,1.1,125,0.25,0,0.1933,0.7899,2.0832,gasto_controlado,0
2026-01-24,"Desayuno fuera",alimentacion,10302,1,1.2,154,0.308,0,0.0314,1,2.2314,gasto_frecuente,1
2026-01-24,"Salida fin de semana",ocio,64884,1,1.8,59,0.118,0,0.2541,0.3116,2.3657,gasto_no_esencial_alto,1
2026-01-24,"Control odontologico",salud,131781,1,1.3,38,0.076,0,0.5271,0.1594,1.9865,gasto_emergencia,1
2026-01-25,"Cena en casa",alimentacion,42666,1,1.2,154,0.308,1,0.1635,1,3.3635,gasto_incremento_recurrente,1
2026-01-25,"Compra de frutas",alimentacion,26570,1,1.2,154,0.308,1,0.0978,1,3.2978,gasto_incremento_recurrente,1
2026-01-25,"Bus ida y regreso",transporte,7163,1,1.1,125,0.25,0,0.0186,0.7899,1.9085,gasto_frecuente,1
2026-01-26,"Mercado de la semana",alimentacion,82927,1,1.2,154,0.308,0,0.3278,1,2.5278,gasto_elevado,1
2026-01-26,"Bus ida y regreso",transporte,7582,1,1.1,125,0.25,0,0.0203,0.7899,1.9102,gasto_frecuente,1
2026-01-27,"Domicilio comida",alimentacion,25488,1,1.2,154,0.308,0,0.0934,1,2.2934,gasto_controlado,0
2026-01-27,"Matricula curso corto",educacion,228273,1,1.1,35,0.07,1,0.9208,0.1377,3.1585,gasto_incremento_recurrente,1
2026-01-27,"Medicamentos formulados",salud,50987,1,1.3,38,0.076,0,0.1974,0.1594,1.6568,gasto_controlado,0
2026-01-27,"Taxi por lluvia",transporte,12927,1,1.1,125,0.25,0,0.0421,0.7899,1.932,gasto_frecuente,1
2026-01-28,"Compra de frutas",alimentacion,19910,1,1.2,154,0.308,0,0.0706,1,2.2706,gasto_frecuente,1
2026-01-28,"Helado y bebida",ocio,15386,1,1.8,59,0.118,0,0.0522,0.3116,2.1637,gasto_controlado,0
2026-01-28,"Bus ida y regreso",transporte,6889,1,1.1,125,0.25,0,0.0175,0.7899,1.9073,gasto_frecuente,1
2026-01-29,"Compra de frutas",alimentacion,26492,1,1.2,154,0.308,1,0.0975,1,3.2975,gasto_incremento_recurrente,1
2026-01-29,"Compra de ropa",compras_no_esenciales,221660,1,2.0,16,0.032,0,0.8939,0,2.8939,gasto_inusual,1
2026-01-29,"Suscripcion almacenamiento",entretenimiento,14234,1,1.9,53,0.106,1,0.0475,0.2681,3.2156,gasto_incremento_recurrente,1
2026-01-30,"Cena en casa",alimentacion,23064,1,1.2,154,0.308,0,0.0835,1,2.2835,gasto_controlado,0
2026-01-30,"Snack tarde",alimentacion,9691,1,1.2,154,0.308,0,0.0289,1,2.2289,gasto_frecuente,1
2026-01-30,"Salida a cine",entretenimiento,60726,1,1.9,53,0.106,1,0.2372,0.2681,3.4053,gasto_incremento_recurrente,1
2026-01-30,"Consulta medica",salud,132497,1,1.3,38,0.076,1,0.53,0.1594,2.9894,gasto_emergencia,1
2026-01-30,"Taxi por lluvia",transporte,12221,1,1.1,125,0.25,0,0.0392,0.7899,1.9291,gasto_frecuente,1
2026-01-31,"Cena en casa",alimentacion,25092,1,1.2,154,0.308,0,0.0918,1,2.2918,gasto_controlado,0
2026-01-31,"Pago plataforma educativa",educacion,53602,1,1.1,35,0.07,1,0.2081,0.1377,2.4458,gasto_incremento_recurrente,1
2026-01-31,"Compra de medicamento",salud,46436,1,1.3,38,0.076,0,0.1789,0.1594,1.6383,gasto_controlado,0
2026-02-01,"Desayuno fuera",alimentacion,11948,2,1.2,154,0.308,1,0.0381,1,3.2381,gasto_incremento_recurrente,1
2026-02-01,"Snack tarde",alimentacion,10772,2,1.2,154,0.308,1,0.0333,1,3.2333,gasto_incremento_recurrente,1
2026-02-01,"Pago de energia",servicios,171542,2,1.0,20,0.04,0,0.6893,0.029,1.7183,gasto_inusual,1
2026-02-02,"Videojuego digital",entretenimiento,129111,2,1.9,53,0.106,1,0.5162,0.2681,3.6843,gasto_incremento_recurrente,1
2026-02-02,"Bus ida y regreso",transporte,5725,2,1.1,125,0.25,0,0.0127,0.7899,1.9026,gasto_frecuente,1
2026-02-02,"Gasolina",transporte,71249,2,1.1,125,0.25,1,0.2801,0.7899,3.17,gasto_incremento_recurrente,1
2026-02-03,"Pago de agua",servicios,48288,2,1.0,20,0.04,1,0.1864,0.029,2.2154,gasto_incremento_recurrente,1
2026-02-03,"Pasaje de bus",transporte,3819,2,1.1,125,0.25,1,0.005,0.7899,2.8948,gasto_incremento_recurrente,1
2026-02-04,"Suscripcion almacenamiento",entretenimiento,11085,2,1.9,53,0.106,0,0.0346,0.2681,2.2027,gasto_controlado,0
2026-02-04,"Gasolina",transporte,90922,2,1.1,125,0.25,1,0.3604,0.7899,3.2502,gasto_incremento_recurrente,1
2026-02-05,"Evento cultural",entretenimiento,87537,2,1.9,53,0.106,0,0.3466,0.2681,2.5147,gasto_inusual,1
2026-02-05,"Pago de internet",servicios,85695,2,1.0,20,0.04,0,0.339,0.029,1.368,gasto_inusual,1
2026-02-05,"Transporte app",transporte,26347,2,1.1,125,0.25,0,0.0969,0.7899,1.9867,gasto_controlado,0
2026-02-06,"Compra en supermercado",alimentacion,87252,2,1.2,154,0.308,0,0.3454,1,2.5454,gasto_elevado,1
2026-02-06,"Control odontologico",salud,89829,2,1.3,38,0.076,0,0.3559,0.1594,1.8153,gasto_emergencia,1
2026-02-06,"Taxi por lluvia",transporte,22538,2,1.1,125,0.25,1,0.0813,0.7899,2.9712,gasto_incremento_recurrente,1
2026-02-07,"Cena en casa",alimentacion,23053,2,1.2,154,0.308,0,0.0834,1,2.2834,gasto_controlado,0
2026-02-07,"Pago de celular",servicios,54730,2,1.0,20,0.04,0,0.2127,0.029,1.2417,gasto_controlado,0
2026-02-07,"Transporte app",transporte,37952,2,1.1,125,0.25,1,0.1442,0.7899,3.0341,gasto_incremento_recurrente,1
2026-02-08,"Helado y bebida",ocio,16355,2,1.8,59,0.118,0,0.0561,0.3116,2.1677,gasto_controlado,0
2026-02-09,"Salida a cine",entretenimiento,60720,2,1.9,53,0.106,0,0.2371,0.2681,2.4053,gasto_no_esencial_alto,1
2026-02-09,"Suscripcion de Netflix",entretenimiento,28022,2,1.9,53,0.106,0,0.1037,0.2681,2.2718,gasto_controlado,0
2026-02-09,"Gasolina",transporte,75688,2,1.1,125,0.25,0,0.2982,0.7899,2.1881,gasto_controlado,0
2026-02-10,"Mercado de la semana",alimentacion,70265,2,1.2,154,0.308,0,0.2761,1,2.4761,gasto_controlado,0
2026-02-10,"Taxi por lluvia",transporte,21311,2,1.1,125,0.25,0,0.0763,0.7899,1.9662,gasto_controlado,0
2026-02-11,"Almuerzo oficina",alimentacion,23532,2,1.2,154,0.308,1,0.0854,1,3.2854,gasto_incremento_recurrente,1
2026-02-11,"Domicilio comida",alimentacion,44195,2,1.2,154,0.308,1,0.1697,1,3.3697,gasto_incremento_recurrente,1
2026-02-11,"Plataforma de musica",entretenimiento,18461,2,1.9,53,0.106,0,0.0647,0.2681,2.2328,gasto_controlado,0
2026-02-11,"Helado y bebida",ocio,17308,2,1.8,59,0.118,0,0.06,0.3116,2.1716,gasto_controlado,0
2026-02-12,"Mercado de la semana",alimentacion,122289,2,1.2,154,0.308,1,0.4884,1,3.6884,gasto_incremento_recurrente,1
2026-02-12,"Bus ida y regreso",transporte,7310,2,1.1,125,0.25,1,0.0192,0.7899,2.9091,gasto_incremento_recurrente,1
2026-02-13,"Mercado de la semana",alimentacion,106629,2,1.2,154,0.308,0,0.4245,1,2.6245,gasto_elevado,1
2026-02-13,"Curso virtual",educacion,103193,2,1.1,35,0.07,0,0.4104,0.1377,1.6481,gasto_inusual,1
2026-02-13,"Cena en restaurante",ocio,91495,2,1.8,59,0.118,0,0.3627,0.3116,2.4743,gasto_inusual,1
2026-02-13,"Compra de medicamento",salud,39595,2,1.3,38,0.076,0,0.1509,0.1594,1.6104,gasto_controlado,0
2026-02-14,"Desayuno fuera",alimentacion,12151,2,1.2,154,0.308,0,0.039,1,2.239,gasto_frecuente,1
2026-02-14,"Mercado de la semana",alimentacion,71018,2,1.2,154,0.308,0,0.2792,1,2.4792,gasto_controlado,0
2026-02-14,"Compra de ropa",compras_no_esenciales,119162,2,2.0,16,0.032,0,0.4756,0,2.4756,gasto_inusual,1
2026-02-14,"Gasolina",transporte,61339,2,1.1,125,0.25,0,0.2397,0.7899,2.1295,gasto_controlado,0
2026-02-15,"Mercado de la semana",alimentacion,109547,2,1.2,154,0.308,1,0.4364,1,3.6364,gasto_incremento_recurrente,1
2026-02-15,"Suscripcion almacenamiento",entretenimiento,9254,2,1.9,53,0.106,0,0.0271,0.2681,2.1952,gasto_controlado,0
2026-02-15,"Gimnasio mensual",salud,68740,2,1.3,38,0.076,0,0.2699,0.1594,1.7293,gasto_controlado,0
2026-02-15,"Transporte app",transporte,12986,2,1.1,125,0.25,0,0.0424,0.7899,1.9322,gasto_frecuente,1
2026-02-16,"Videojuego digital",entretenimiento,94369,2,1.9,53,0.106,0,0.3744,0.2681,2.5426,gasto_inusual,1
2026-02-16,"Salida fin de semana",ocio,135289,2,1.8,59,0.118,1,0.5414,0.3116,3.653,gasto_incremento_recurrente,1
2026-02-16,"Compra de medicamento",salud,58626,2,1.3,38,0.076,1,0.2286,0.1594,2.688,gasto_incremento_recurrente,1
2026-02-17,"Compra en supermercado",alimentacion,87074,2,1.2,154,0.308,0,0.3447,1,2.5447,gasto_elevado,1
2026-02-17,"Control odontologico",salud,132347,2,1.3,38,0.076,1,0.5294,0.1594,2.9888,gasto_emergencia,1
2026-02-17,"Pasaje de bus",transporte,3768,2,1.1,125,0.25,0,0.0047,0.7899,1.8946,gasto_frecuente,1
2026-02-18,"Compra de frutas",alimentacion,28132,2,1.2,154,0.308,0,0.1042,1,2.3042,gasto_controlado,0
2026-02-18,"Compra en supermercado",alimentacion,125254,2,1.2,154,0.308,1,0.5005,1,3.7005,gasto_incremento_recurrente,1
2026-02-18,"Suscripcion almacenamiento",entretenimiento,14120,2,1.9,53,0.106,1,0.047,0.2681,3.2151,gasto_incremento_recurrente,1
2026-02-18,"Transporte app",transporte,20164,2,1.1,125,0.25,1,0.0716,0.7899,2.9615,gasto_incremento_recurrente,1
2026-02-19,"Cena en casa",alimentacion,26239,2,1.2,154,0.308,1,0.0964,1,3.2964,gasto_incremento_recurrente,1
2026-02-19,"Medicamentos formulados",salud,72985,2,1.3,38,0.076,1,0.2872,0.1594,2.7466,gasto_incremento_recurrente,1
2026-02-19,"Pasaje de bus",transporte,3023,2,1.1,125,0.25,0,0.0017,0.7899,1.8916,gasto_frecuente,1
2026-02-20,"Compra de frutas",alimentacion,32509,2,1.2,154,0.308,1,0.122,1,3.322,gasto_incremento_recurrente,1
2026-02-20,"Pasaje de bus",transporte,2857,2,1.1,125,0.25,0,0.001,0.7899,1.8909,gasto_frecuente,1
2026-02-21,"Mercado de la semana",alimentacion,107672,2,1.2,154,0.308,0,0.4287,1,2.6287,gasto_elevado,1
2026-02-21,"Compra de ropa",compras_no_esenciales,130293,2,2.0,16,0.032,0,0.521,0,2.521,gasto_inusual,1
2026-02-21,"Salida con amigos",ocio,50413,2,1.8,59,0.118,0,0.1951,0.3116,2.3067,gasto_no_esencial_alto,1
2026-02-22,"Almuerzo oficina",alimentacion,12184,2,1.2,154,0.308,0,0.0391,1,2.2391,gasto_frecuente,1
2026-02-22,"Compra de frutas",alimentacion,27769,2,1.2,154,0.308,0,0.1027,1,2.3027,gasto_controlado,0
2026-02-22,"Salida fin de semana",ocio,138781,2,1.8,59,0.118,0,0.5557,0.3116,2.6673,gasto_inusual,1
2026-02-23,"Compra en supermercado",alimentacion,88729,2,1.2,154,0.308,0,0.3514,1,2.5514,gasto_elevado,1
2026-02-23,"Taxi por lluvia",transporte,25582,2,1.1,125,0.25,1,0.0938,0.7899,2.9836,gasto_incremento_recurrente,1
2026-02-24,"Salida fin de semana",ocio,118043,2,1.8,59,0.118,0,0.471,0.3116,2.5826,gasto_inusual,1
2026-02-24,"Transporte app",transporte,27037,2,1.1,125,0.25,1,0.0997,0.7899,2.9895,gasto_incremento_recurrente,1
2026-02-25,"Almuerzo oficina",alimentacion,18073,2,1.2,154,0.308,1,0.0631,1,3.2631,gasto_incremento_recurrente,1
2026-02-25,"Salida fin de semana",ocio,139652,2,1.8,59,0.118,1,0.5592,0.3116,3.6708,gasto_incremento_recurrente,1
2026-02-25,"Bus ida y regreso",transporte,7464,2,1.1,125,0.25,0,0.0198,0.7899,1.9097,gasto_frecuente,1
2026-02-26,"Cena en casa",alimentacion,37172,2,1.2,154,0.308,1,0.1411,1,3.3411,gasto_incremento_recurrente,1
2026-02-27,"Compra de audifonos",compras_no_esenciales,40947,2,2.0,16,0.032,0,0.1565,0,2.1565,gasto_controlado,0
2026-02-27,"Pasaje de bus",transporte,3664,2,1.1,125,0.25,1,0.0043,0.7899,2.8942,gasto_incremento_recurrente,1
2026-02-28,"Compra de frutas",alimentacion,36371,2,1.2,154,0.308,1,0.1378,1,3.3378,gasto_incremento_recurrente,1
2026-02-28,"Snack tarde",alimentacion,12019,2,1.2,154,0.308,1,0.0384,1,3.2384,gasto_incremento_recurrente,1
2026-03-01,"Compra de frutas",alimentacion,19537,3,1.2,154,0.308,0,0.0691,1,2.2691,gasto_frecuente,1
2026-03-01,"Suscripcion almacenamiento",entretenimiento,10726,3,1.9,53,0.106,0,0.0331,0.2681,2.2013,gasto_controlado,0
2026-03-01,"Pago de energia",servicios,184169,3,1.0,20,0.04,0,0.7409,0.029,1.7699,gasto_inusual,1
2026-03-02,"Domicilio comida",alimentacion,28285,3,1.2,154,0.308,0,0.1048,1,2.3048,gasto_controlado,0
2026-03-02,"Control odontologico",salud,71032,3,1.3,38,0.076,0,0.2792,0.1594,1.7386,gasto_controlado,0
2026-03-03,"Compra de frutas",alimentacion,31056,3,1.2,154,0.308,1,0.1161,1,3.3161,gasto_incremento_recurrente,1
2026-03-03,"Pago de agua",servicios,41703,3,1.0,20,0.04,0,0.1595,0.029,1.1885,gasto_controlado,0
2026-03-03,"Pasaje de bus",transporte,2619,3,1.1,125,0.25,0,0.0001,0.7899,1.8899,gasto_frecuente,1
2026-03-04,"Domicilio comida",alimentacion,57338,3,1.2,154,0.308,1,0.2233,1,3.4233,gasto_incremento_recurrente,1
2026-03-04,"Evento cultural",entretenimiento,95136,3,1.9,53,0.106,0,0.3776,0.2681,2.5457,gasto_inusual,1
2026-03-04,"Plan familiar",ocio,28861,3,1.8,59,0.118,0,0.1071,0.3116,2.2187,gasto_controlado,0
2026-03-04,"Compra farmacia",salud,42916,3,1.3,38,0.076,0,0.1645,0.1594,1.6239,gasto_controlado,0
2026-03-04,"Taxi por lluvia",transporte,17631,3,1.1,125,0.25,0,0.0613,0.7899,1.9512,gasto_frecuente,1
2026-03-05,"Domicilio comida",alimentacion,42872,3,1.2,154,0.308,0,0.1643,1,2.3643,gasto_controlado,0
2026-03-05,"Mercado de la semana",alimentacion,101141,3,1.2,154,0.308,0,0.4021,1,2.6021,gasto_elevado,1
2026-03-05,"Plan familiar",ocio,78668,3,1.8,59,0.118,1,0.3104,0.3116,3.422,gasto_incremento_recurrente,1
2026-03-05,"Compra de medicamento",salud,50804,3,1.3,38,0.076,0,0.1967,0.1594,1.6561,gasto_controlado,0
2026-03-05,"Pago de internet",servicios,93530,3,1.0,20,0.04,0,0.371,0.029,1.4,gasto_inusual,1
2026-03-06,"Mercado de la semana",alimentacion,122678,3,1.2,154,0.308,1,0.49,1,3.69,gasto_incremento_recurrente,1
2026-03-06,"Cena en restaurante",ocio,101610,3,1.8,59,0.118,1,0.404,0.3116,3.5156,gasto_incremento_recurrente,1
2026-03-06,"Compra farmacia",salud,19913,3,1.3,38,0.076,0,0.0706,0.1594,1.53,gasto_controlado,0
2026-03-06,"Bus ida y regreso",transporte,7024,3,1.1,125,0.25,0,0.018,0.7899,1.9079,gasto_frecuente,1
2026-03-06,"Gasolina",transporte,91481,3,1.1,125,0.25,1,0.3627,0.7899,3.2525,gasto_incremento_recurrente,1
2026-03-07,"Desayuno fuera",alimentacion,16975,3,1.2,154,0.308,1,0.0586,1,3.2586,gasto_incremento_recurrente,1
2026-03-07,"Pago de celular",servicios,57962,3,1.0,20,0.04,0,0.2259,0.029,1.2549,gasto_controlado,0
2026-03-07,"Bus ida y regreso",transporte,5852,3,1.1,125,0.25,0,0.0132,0.7899,1.9031,gasto_frecuente,1
2026-03-08,"Desayuno fuera",alimentacion,11887,3,1.2,154,0.308,0,0.0379,1,2.2379,gasto_frecuente,1
2026-03-08,"Helado y bebida",ocio,18302,3,1.8,59,0.118,0,0.0641,0.3116,2.1756,gasto_controlado,0
2026-03-08,"Medicamentos formulados",salud,35295,3,1.3,38,0.076,0,0.1334,0.1594,1.5928,gasto_controlado,0
2026-03-09,"Compra de frutas",alimentacion,31409,3,1.2,154,0.308,0,0.1175,1,2.3175,gasto_controlado,0
2026-03-09,"Compra en supermercado",alimentacion,116834,3,1.2,154,0.308,1,0.4661,1,3.6661,gasto_incremento_recurrente,1
2026-03-09,"Compra de cuaderno",educacion,12481,3,1.1,35,0.07,0,0.0403,0.1377,1.278,gasto_controlado,0
2026-03-09,"Suscripcion de Netflix",entretenimiento,27590,3,1.9,53,0.106,0,0.102,0.2681,2.2701,gasto_controlado,0
2026-03-09,"Cena en restaurante",ocio,83259,3,1.8,59,0.118,0,0.3291,0.3116,2.4407,gasto_inusual,1
2026-03-09,"Transporte app",transporte,19749,3,1.1,125,0.25,0,0.07,0.7899,1.9598,gasto_frecuente,1
2026-03-10,"Compra de frutas",alimentacion,25989,3,1.2,154,0.308,0,0.0954,1,2.2954,gasto_controlado,0
2026-03-10,"Compra en supermercado",alimentacion,122476,3,1.2,154,0.308,0,0.4891,1,2.6891,gasto_elevado,1
2026-03-10,"Compra de ropa",compras_no_esenciales,127288,3,2.0,16,0.032,0,0.5088,0,2.5088,gasto_inusual,1
2026-03-10,"Suscripcion almacenamiento",entretenimiento,14975,3,1.9,53,0.106,1,0.0505,0.2681,3.2186,gasto_incremento_recurrente,1
2026-03-10,"Transporte app",transporte,26225,3,1.1,125,0.25,1,0.0964,0.7899,2.9862,gasto_incremento_recurrente,1
2026-03-11,"Compra en supermercado",alimentacion,131572,3,1.2,154,0.308,0,0.5262,1,2.7262,gasto_elevado,1
2026-03-11,"Snack tarde",alimentacion,8101,3,1.2,154,0.308,0,0.0224,1,2.2224,gasto_frecuente,1
2026-03-11,"Plataforma de musica",entretenimiento,17956,3,1.9,53,0.106,0,0.0626,0.2681,2.2308,gasto_controlado,0
2026-03-11,"Consulta medica",salud,90232,3,1.3,38,0.076,0,0.3576,0.1594,1.817,gasto_emergencia,1
2026-03-11,"Consulta medica",salud,100569,3,1.3,38,0.076,1,0.3997,0.1594,2.8592,gasto_emergencia,1
2026-03-11,"Transporte app",transporte,39885,3,1.1,125,0.25,1,0.1521,0.7899,3.042,gasto_incremento_recurrente,1
2026-03-12,"Desayuno fuera",alimentacion,10939,3,1.2,154,0.308,0,0.034,1,2.234,gasto_frecuente,1
2026-03-12,"Videojuego digital",entretenimiento,76122,3,1.9,53,0.106,0,0.3,0.2681,2.4681,gasto_no_esencial_alto,1
2026-03-12,"Taxi por lluvia",transporte,28863,3,1.1,125,0.25,1,0.1071,0.7899,2.997,gasto_incremento_recurrente,1
2026-03-13,"Snack tarde",alimentacion,9558,3,1.2,154,0.308,1,0.0284,1,3.2284,gasto_incremento_recurrente,1
2026-03-13,"Snack tarde",alimentacion,10515,3,1.2,154,0.308,1,0.0323,1,3.2323,gasto_incremento_recurrente,1
2026-03-13,"Curso virtual",educacion,97262,3,1.1,35,0.07,0,0.3862,0.1377,1.6239,gasto_inusual,1
2026-03-13,"Videojuego digital",entretenimiento,57384,3,1.9,53,0.106,0,0.2235,0.2681,2.3916,gasto_no_esencial_alto,1
2026-03-14,"Snack tarde",alimentacion,5114,3,1.2,154,0.308,0,0.0102,1,2.2102,gasto_frecuente,1
2026-03-14,"Material de estudio",educacion,17514,3,1.1,35,0.07,0,0.0608,0.1377,1.2985,gasto_controlado,0
2026-03-14,"Cena en restaurante",ocio,65811,3,1.8,59,0.118,0,0.2579,0.3116,2.3695,gasto_no_esencial_alto,1
2026-03-14,"Taxi por lluvia",transporte,19801,3,1.1,125,0.25,0,0.0702,0.7899,1.96,gasto_frecuente,1
2026-03-15,"Almuerzo oficina",alimentacion,22185,3,1.2,154,0.308,1,0.0799,1,3.2799,gasto_incremento_recurrente,1
2026-03-15,"Gimnasio mensual",salud,76435,3,1.3,38,0.076,1,0.3013,0.1594,2.7607,gasto_incremento_recurrente,1
2026-03-15,"Bus ida y regreso",transporte,8204,3,1.1,125,0.25,1,0.0228,0.7899,2.9127,gasto_incremento_recurrente,1
2026-03-16,"Evento cultural",entretenimiento,40582,3,1.9,53,0.106,0,0.155,0.2681,2.3231,gasto_controlado,0
2026-03-16,"Salida con amigos",ocio,54126,3,1.8,59,0.118,0,0.2102,0.3116,2.3218,gasto_no_esencial_alto,1
2026-03-16,"Transporte app",transporte,21643,3,1.1,125,0.25,0,0.0777,0.7899,1.9675,gasto_controlado,0
2026-03-17,"Cena en casa",alimentacion,35400,3,1.2,154,0.308,0,0.1338,1,2.3338,gasto_controlado,0
2026-03-17,"Cine y snacks",entretenimiento,65718,3,1.9,53,0.106,0,0.2575,0.2681,2.4256,gasto_no_esencial_alto,1
2026-03-17,"Evento cultural",entretenimiento,88654,3,1.9,53,0.106,1,0.3511,0.2681,3.5192,gasto_incremento_recurrente,1
2026-03-17,"Salida con amigos",ocio,73384,3,1.8,59,0.118,1,0.2888,0.3116,3.4004,gasto_incremento_recurrente,1
2026-03-18,"Compra en supermercado",alimentacion,115857,3,1.2,154,0.308,0,0.4621,1,2.6621,gasto_elevado,1
2026-03-18,"Salida con amigos",ocio,86724,3,1.8,59,0.118,1,0.3432,0.3116,3.4548,gasto_incremento_recurrente,1
2026-03-18,"Control odontologico",salud,140934,3,1.3,38,0.076,1,0.5645,0.1594,3.0239,gasto_emergencia,1
2026-03-18,"Taxi por lluvia",transporte,28567,3,1.1,125,0.25,1,0.1059,0.7899,2.9958,gasto_incremento_recurrente,1
2026-03-19,"Compra en supermercado",alimentacion,126664,3,1.2,154,0.308,0,0.5062,1,2.7062,gasto_elevado,1
2026-03-19,"Snack tarde",alimentacion,11954,3,1.2,154,0.308,1,0.0381,1,3.2381,gasto_incremento_recurrente,1
2026-03-19,"Gasolina",transporte,48967,3,1.1,125,0.25,0,0.1892,0.7899,2.079,gasto_controlado,0
2026-03-20,"Cena en casa",alimentacion,25283,3,1.2,154,0.308,0,0.0925,1,2.2925,gasto_controlado,0
2026-03-20,"Accesorio celular",compras_no_esenciales,49257,3,2.0,16,0.032,1,0.1904,0,3.1904,gasto_incremento_recurrente,1
2026-03-20,"Material de estudio",educacion,23216,3,1.1,35,0.07,1,0.0841,0.1377,2.3218,gasto_incremento_recurrente,1
2026-03-20,"Cine y snacks",entretenimiento,54793,3,1.9,53,0.106,0,0.213,0.2681,2.3811,gasto_no_esencial_alto,1
2026-03-21,"Domicilio comida",alimentacion,41535,3,1.2,154,0.308,0,0.1589,1,2.3589,gasto_controlado,0
2026-03-21,"Recarga transporte",transporte,9748,3,1.1,125,0.25,0,0.0291,0.7899,1.919,gasto_frecuente,1
2026-03-22,"Compra de frutas",alimentacion,34120,3,1.2,154,0.308,1,0.1286,1,3.3286,gasto_incremento_recurrente,1
2026-03-22,"Snack tarde",alimentacion,10868,3,1.2,154,0.308,0,0.0337,1,2.2337,gasto_frecuente,1
2026-03-22,"Compra de libro",educacion,38749,3,1.1,35,0.07,0,0.1475,0.1377,1.3852,gasto_controlado,0
2026-03-22,"Bus ida y regreso",transporte,7400,3,1.1,125,0.25,0,0.0196,0.7899,1.9094,gasto_frecuente,1
2026-03-23,"Salida a cine",entretenimiento,60002,3,1.9,53,0.106,0,0.2342,0.2681,2.4023,gasto_no_esencial_alto,1
2026-03-23,"Salida fin de semana",ocio,80599,3,1.8,59,0.118,0,0.3183,0.3116,2.4298,gasto_inusual,1
2026-03-24,"Domicilio comida",alimentacion,37714,3,1.2,154,0.308,0,0.1433,1,2.3433,gasto_controlado,0
2026-03-24,"Compra de zapatos",compras_no_esenciales,239594,3,2.0,16,0.032,0,0.967,0,2.967,gasto_inusual,1
2026-03-24,"Cafe y postre",ocio,22348,3,1.8,59,0.118,1,0.0806,0.3116,3.1922,gasto_incremento_recurrente,1
2026-03-24,"Pasaje de bus",transporte,3419,3,1.1,125,0.25,1,0.0033,0.7899,2.8932,gasto_incremento_recurrente,1
2026-03-25,"Compra de frutas",alimentacion,27870,3,1.2,154,0.308,0,0.1031,1,2.3031,gasto_controlado,0
2026-03-25,"Salida fin de semana",ocio,103221,3,1.8,59,0.118,1,0.4106,0.3116,3.5222,gasto_incremento_recurrente,1
2026-03-25,"Transporte app",transporte,27551,3,1.1,125,0.25,1,0.1018,0.7899,2.9916,gasto_incremento_recurrente,1
2026-03-26,"Compra de frutas",alimentacion,37189,3,1.2,154,0.308,1,0.1411,1,3.3411,gasto_incremento_recurrente,1
2026-03-26,"Compra de frutas",alimentacion,32248,3,1.2,154,0.308,0,0.121,1,2.321,gasto_controlado,0
2026-03-26,"Compra en supermercado",alimentacion,145239,3,1.2,154,0.308,1,0.582,1,3.782,gasto_incremento_recurrente,1
2026-03-26,"Taxi por lluvia",transporte,18298,3,1.1,125,0.25,0,0.064,0.7899,1.9539,gasto_frecuente,1
2026-03-27,"Almuerzo oficina",alimentacion,20925,3,1.2,154,0.308,0,0.0748,1,2.2748,gasto_controlado,0
2026-03-27,"Mercado de la semana",alimentacion,106486,3,1.2,154,0.308,0,0.4239,1,2.6239,gasto_elevado,1
2026-03-27,"Transporte app",transporte,13683,3,1.1,125,0.25,0,0.0452,0.7899,1.9351,gasto_frecuente,1
2026-03-28,"Compra en supermercado",alimentacion,144903,3,1.2,154,0.308,0,0.5806,1,2.7806,gasto_elevado,1
2026-03-28,"Helado y bebida",ocio,20640,3,1.8,59,0.118,1,0.0736,0.3116,3.1852,gasto_incremento_recurrente,1
2026-03-28,"Helado y bebida",ocio,13099,3,1.8,59,0.118,0,0.0428,0.3116,2.1544,gasto_controlado,0
2026-03-28,"Recarga transporte",transporte,21049,3,1.1,125,0.25,1,0.0753,0.7899,2.9651,gasto_incremento_recurrente,1
2026-03-29,"Cena en casa",alimentacion,38829,3,1.2,154,0.308,1,0.1478,1,3.3478,gasto_incremento_recurrente,1
2026-03-29,"Compra de frutas",alimentacion,27227,3,1.2,154,0.308,0,0.1005,1,2.3005,gasto_controlado,0
2026-03-30,"Almuerzo oficina",alimentacion,13299,3,1.2,154,0.308,0,0.0436,1,2.2436,gasto_frecuente,1
2026-03-30,"Pago plataforma educativa",educacion,52105,3,1.1,35,0.07,0,0.202,0.1377,1.4397,gasto_controlado,0
2026-03-30,"Plan familiar",ocio,35481,3,1.8,59,0.118,0,0.1342,0.3116,2.2457,gasto_controlado,0
2026-03-30,"Gasolina",transporte,90192,3,1.1,125,0.25,1,0.3574,0.7899,3.2473,gasto_incremento_recurrente,1
2026-03-31,"Pasaje de bus",transporte,4097,3,1.1,125,0.25,1,0.0061,0.7899,2.8959,gasto_incremento_recurrente,1
2026-03-31,"Taxi por lluvia",transporte,13928,3,1.1,125,0.25,0,0.0462,0.7899,1.9361,gasto_frecuente,1
2026-04-01,"Domicilio comida",alimentacion,32424,4,1.2,154,0.308,0,0.1217,1,2.3217,gasto_controlado,0
2026-04-01,"Pago de energia",servicios,195714,4,1.0,20,0.04,0,0.788,0.029,1.817,gasto_inusual,1
2026-04-01,"Bus ida y regreso",transporte,8029,4,1.1,125,0.25,0,0.0221,0.7899,1.912,gasto_frecuente,1
2026-04-02,"Domicilio comida",alimentacion,47823,4,1.2,154,0.308,1,0.1845,1,3.3845,gasto_incremento_recurrente,1
2026-04-02,"Recarga transporte",transporte,16339,4,1.1,125,0.25,0,0.056,0.7899,1.9459,gasto_frecuente,1
2026-04-03,"Suscripcion almacenamiento",entretenimiento,14140,4,1.9,53,0.106,0,0.0471,0.2681,2.2152,gasto_controlado,0
2026-04-03,"Pago de agua",servicios,47425,4,1.0,20,0.04,1,0.1829,0.029,2.2119,gasto_incremento_recurrente,1
2026-04-04,"Mercado de la semana",alimentacion,100496,4,1.2,154,0.308,0,0.3994,1,2.5994,gasto_elevado,1
2026-04-04,"Compra de libro",educacion,23915,4,1.1,35,0.07,0,0.087,0.1377,1.3246,gasto_controlado,0
2026-04-04,"Transporte app",transporte,17919,4,1.1,125,0.25,1,0.0625,0.7899,2.9523,gasto_incremento_recurrente,1
2026-04-05,"Almuerzo oficina",alimentacion,18715,4,1.2,154,0.308,1,0.0657,1,3.2657,gasto_incremento_recurrente,1
2026-04-05,"Cena en casa",alimentacion,26812,4,1.2,154,0.308,0,0.0988,1,2.2988,gasto_controlado,0
2026-04-05,"Salida con amigos",ocio,47917,4,1.8,59,0.118,0,0.1849,0.3116,2.2965,gasto_no_esencial_alto,1
2026-04-05,"Control odontologico",salud,114352,4,1.3,38,0.076,0,0.456,0.1594,1.9154,gasto_emergencia,1
2026-04-05,"Pago de internet",servicios,85169,4,1.0,20,0.04,0,0.3369,0.029,1.3659,gasto_inusual,1
2026-04-05,"Gasolina",transporte,75185,4,1.1,125,0.25,0,0.2962,0.7899,2.186,gasto_controlado,0
2026-04-06,"Domicilio comida",alimentacion,43918,4,1.2,154,0.308,0,0.1686,1,2.3686,gasto_controlado,0
2026-04-06,"Domicilio comida",alimentacion,24882,4,1.2,154,0.308,0,0.0909,1,2.2909,gasto_controlado,0
2026-04-06,"Pago plataforma educativa",educacion,32281,4,1.1,35,0.07,0,0.1211,0.1377,1.3588,gasto_controlado,0
2026-04-06,"Salida con amigos",ocio,74239,4,1.8,59,0.118,1,0.2923,0.3116,3.4039,gasto_incremento_recurrente,1
2026-04-07,"Snack tarde",alimentacion,8503,4,1.2,154,0.308,0,0.0241,1,2.2241,gasto_frecuente,1
2026-04-07,"Cine y snacks",entretenimiento,70857,4,1.9,53,0.106,1,0.2785,0.2681,3.4466,gasto_incremento_recurrente,1
2026-04-07,"Evento cultural",entretenimiento,95755,4,1.9,53,0.106,0,0.3801,0.2681,2.5482,gasto_inusual,1
2026-04-07,"Cafe y postre",ocio,10890,4,1.8,59,0.118,0,0.0338,0.3116,2.1454,gasto_controlado,0
2026-04-07,"Salida con amigos",ocio,59589,4,1.8,59,0.118,0,0.2325,0.3116,2.3441,gasto_no_esencial_alto,1
2026-04-07,"Pago de celular",servicios,59705,4,1.0,20,0.04,0,0.233,0.029,1.262,gasto_controlado,0
2026-04-07,"Gasolina",transporte,94469,4,1.1,125,0.25,1,0.3749,0.7899,3.2647,gasto_incremento_recurrente,1
2026-04-08,"Cena en casa",alimentacion,33805,4,1.2,154,0.308,1,0.1273,1,3.3273,gasto_incremento_recurrente,1
2026-04-08,"Salida a cine",entretenimiento,75206,4,1.9,53,0.106,1,0.2962,0.2681,3.4644,gasto_incremento_recurrente,1
2026-04-08,"Cafe y postre",ocio,15304,4,1.8,59,0.118,1,0.0518,0.3116,3.1634,gasto_incremento_recurrente,1
2026-04-08,"Bus ida y regreso",transporte,5627,4,1.1,125,0.25,0,0.0123,0.7899,1.9022,gasto_frecuente,1
2026-04-09,"Domicilio comida",alimentacion,32796,4,1.2,154,0.308,1,0.1232,1,3.3232,gasto_incremento_recurrente,1
2026-04-09,"Suscripcion de Netflix",entretenimiento,26591,4,1.9,53,0.106,0,0.0979,0.2681,2.266,gasto_controlado,0
2026-04-10,"Compra de frutas",alimentacion,20010,4,1.2,154,0.308,0,0.071,1,2.271,gasto_frecuente,1
2026-04-10,"Mercado de la semana",alimentacion,76113,4,1.2,154,0.308,0,0.2999,1,2.4999,gasto_controlado,0
2026-04-11,"Almuerzo oficina",alimentacion,16603,4,1.2,154,0.308,0,0.0571,1,2.2571,gasto_frecuente,1
2026-04-11,"Compra no planeada",compras_no_esenciales,107426,4,2.0,16,0.032,0,0.4277,0,2.4277,gasto_inusual,1
2026-04-11,"Plataforma de musica",entretenimiento,20219,4,1.9,53,0.106,1,0.0719,0.2681,3.24,gasto_incremento_recurrente,1
2026-04-11,"Videojuego digital",entretenimiento,45004,4,1.9,53,0.106,0,0.173,0.2681,2.3411,gasto_controlado,0
2026-04-11,"Taxi por lluvia",transporte,18091,4,1.1,125,0.25,1,0.0632,0.7899,2.953,gasto_incremento_recurrente,1
2026-04-12,"Snack tarde",alimentacion,9193,4,1.2,154,0.308,0,0.0269,1,2.2269,gasto_frecuente,1
2026-04-12,"Suscripcion almacenamiento",entretenimiento,10039,4,1.9,53,0.106,0,0.0303,0.2681,2.1985,gasto_controlado,0
2026-04-12,"Suscripcion almacenamiento",entretenimiento,10323,4,1.9,53,0.106,0,0.0315,0.2681,2.1996,gasto_controlado,0
2026-04-12,"Recarga transporte",transporte,8848,4,1.1,125,0.25,0,0.0255,0.7899,1.9153,gasto_frecuente,1
2026-04-13,"Compra de frutas",alimentacion,37196,4,1.2,154,0.308,1,0.1411,1,3.3411,gasto_incremento_recurrente,1
2026-04-13,"Compra no planeada",compras_no_esenciales,71728,4,2.0,16,0.032,0,0.2821,0,2.2821,gasto_no_esencial_alto,1
2026-04-13,"Curso virtual",educacion,112772,4,1.1,35,0.07,1,0.4495,0.1377,2.6872,gasto_incremento_recurrente,1
2026-04-14,"Compra de frutas",alimentacion,35311,4,1.2,154,0.308,0,0.1335,1,2.3335,gasto_controlado,0
2026-04-14,"Compra de libro",educacion,51507,4,1.1,35,0.07,1,0.1995,0.1377,2.4372,gasto_incremento_recurrente,1
2026-04-14,"Bus ida y regreso",transporte,6836,4,1.1,125,0.25,1,0.0173,0.7899,2.9071,gasto_incremento_recurrente,1
2026-04-15,"Snack tarde",alimentacion,11068,4,1.2,154,0.308,1,0.0345,1,3.2345,gasto_incremento_recurrente,1
2026-04-15,"Salida fin de semana",ocio,88430,4,1.8,59,0.118,0,0.3502,0.3116,2.4618,gasto_inusual,1
2026-04-15,"Gimnasio mensual",salud,73991,4,1.3,38,0.076,0,0.2913,0.1594,1.7507,gasto_controlado,0
2026-04-15,"Bus ida y regreso",transporte,6489,4,1.1,125,0.25,0,0.0158,0.7899,1.9057,gasto_frecuente,1
2026-04-16,"Compra en supermercado",alimentacion,109242,4,1.2,154,0.308,0,0.4351,1,2.6351,gasto_elevado,1
2026-04-17,"Cena en casa",alimentacion,22255,4,1.2,154,0.308,0,0.0802,1,2.2802,gasto_controlado,0
2026-04-17,"Consulta medica",salud,139981,4,1.3,38,0.076,1,0.5606,0.1594,3.02,gasto_emergencia,1
2026-04-17,"Bus ida y regreso",transporte,7804,4,1.1,125,0.25,1,0.0212,0.7899,2.9111,gasto_incremento_recurrente,1
2026-04-17,"Recarga transporte",transporte,10018,4,1.1,125,0.25,1,0.0302,0.7899,2.9201,gasto_incremento_recurrente,1
2026-04-18,"Compra de cuaderno",educacion,20913,4,1.1,35,0.07,1,0.0747,0.1377,2.3124,gasto_incremento_recurrente,1
2026-04-18,"Matricula curso corto",educacion,174807,4,1.1,35,0.07,0,0.7027,0.1377,1.9404,gasto_inusual,1
2026-04-18,"Medicamentos formulados",salud,48507,4,1.3,38,0.076,1,0.1873,0.1594,2.6467,gasto_incremento_recurrente,1
2026-04-18,"Gasolina",transporte,69542,4,1.1,125,0.25,0,0.2731,0.7899,2.163,gasto_controlado,0
2026-04-19,"Mercado de la semana",alimentacion,122521,4,1.2,154,0.308,1,0.4893,1,3.6893,gasto_incremento_recurrente,1
2026-04-19,"Cena en restaurante",ocio,77303,4,1.8,59,0.118,1,0.3048,0.3116,3.4164,gasto_incremento_recurrente,1
2026-04-20,"Compra en supermercado",alimentacion,101907,4,1.2,154,0.308,0,0.4052,1,2.6052,gasto_elevado,1
2026-04-20,"Compra de zapatos",compras_no_esenciales,125033,4,2.0,16,0.032,0,0.4996,0,2.4996,gasto_inusual,1
2026-04-20,"Cafe y postre",ocio,18716,4,1.8,59,0.118,1,0.0657,0.3116,3.1773,gasto_incremento_recurrente,1
2026-04-20,"Transporte app",transporte,17333,4,1.1,125,0.25,0,0.0601,0.7899,1.95,gasto_frecuente,1
2026-04-21,"Domicilio comida",alimentacion,26420,4,1.2,154,0.308,0,0.0972,1,2.2972,gasto_controlado,0
2026-04-21,"Compra de libro",educacion,33856,4,1.1,35,0.07,0,0.1275,0.1377,1.3652,gasto_controlado,0
2026-04-21,"Taxi por lluvia",transporte,32305,4,1.1,125,0.25,1,0.1212,0.7899,3.011,gasto_incremento_recurrente,1
2026-04-22,"Mercado de la semana",alimentacion,82626,4,1.2,154,0.308,0,0.3265,1,2.5265,gasto_elevado,1
2026-04-22,"Compra de audifonos",compras_no_esenciales,47539,4,2.0,16,0.032,1,0.1834,0,3.1834,gasto_incremento_recurrente,1
2026-04-22,"Suscripcion almacenamiento",entretenimiento,11126,4,1.9,53,0.106,0,0.0348,0.2681,2.2029,gasto_controlado,0
2026-04-23,"Cena en restaurante",ocio,94560,4,1.8,59,0.118,1,0.3752,0.3116,3.4868,gasto_incremento_recurrente,1
2026-04-23,"Pasaje de bus",transporte,2615,4,1.1,125,0.25,0,0,0.7899,1.8899,gasto_frecuente,1
2026-04-24,"Material de estudio",educacion,18231,4,1.1,35,0.07,0,0.0638,0.1377,1.3014,gasto_controlado,0
2026-04-24,"Cine y snacks",entretenimiento,82824,4,1.9,53,0.106,1,0.3273,0.2681,3.4954,gasto_incremento_recurrente,1
2026-04-24,"Control odontologico",salud,65150,4,1.3,38,0.076,0,0.2552,0.1594,1.7146,gasto_controlado,0
2026-04-25,"Compra en supermercado",alimentacion,137374,4,1.2,154,0.308,1,0.5499,1,3.7499,gasto_incremento_recurrente,1
2026-04-25,"Pasaje de bus",transporte,3371,4,1.1,125,0.25,1,0.0031,0.7899,2.893,gasto_incremento_recurrente,1
2026-04-26,"Snack tarde",alimentacion,5350,4,1.2,154,0.308,0,0.0112,1,2.2112,gasto_frecuente,1
2026-04-26,"Cine y snacks",entretenimiento,86167,4,1.9,53,0.106,0,0.341,0.2681,2.5091,gasto_inusual,1
2026-04-26,"Bus ida y regreso",transporte,7911,4,1.1,125,0.25,0,0.0217,0.7899,1.9115,gasto_frecuente,1
2026-04-26,"Pasaje de bus",transporte,2666,4,1.1,125,0.25,0,0.0002,0.7899,1.8901,gasto_frecuente,1
2026-04-27,"Almuerzo oficina",alimentacion,20335,4,1.2,154,0.308,1,0.0723,1,3.2723,gasto_incremento_recurrente,1
2026-04-27,"Almuerzo oficina",alimentacion,12607,4,1.2,154,0.308,0,0.0408,1,2.2408,gasto_frecuente,1
2026-04-27,"Control odontologico",salud,81809,4,1.3,38,0.076,1,0.3232,0.1594,2.7826,gasto_emergencia,1
2026-04-27,"Transporte app",transporte,12448,4,1.1,125,0.25,0,0.0402,0.7899,1.93,gasto_frecuente,1
2026-04-27,"Transporte app",transporte,26523,4,1.1,125,0.25,1,0.0976,0.7899,2.9875,gasto_incremento_recurrente,1
2026-04-28,"Bus ida y regreso",transporte,7923,4,1.1,125,0.25,0,0.0217,0.7899,1.9116,gasto_frecuente,1
2026-04-29,"Compra de frutas",alimentacion,37469,4,1.2,154,0.308,0,0.1423,1,2.3423,gasto_controlado,0
2026-04-30,"Snack tarde",alimentacion,6055,4,1.2,154,0.308,1,0.0141,1,3.2141,gasto_incremento_recurrente,1
2026-04-30,"Pago plataforma educativa",educacion,40341,4,1.1,35,0.07,1,0.154,0.1377,2.3917,gasto_incremento_recurrente,1
2026-04-30,"Plan familiar",ocio,34073,4,1.8,59,0.118,0,0.1284,0.3116,2.24,gasto_controlado,0
2026-04-30,"Salida con amigos",ocio,64399,4,1.8,59,0.118,0,0.2522,0.3116,2.3637,gasto_no_esencial_alto,1
2026-05-01,"Domicilio comida",alimentacion,44484,5,1.2,154,0.308,1,0.1709,1,3.3709,gasto_incremento_recurrente,1
2026-05-01,"Pago de energia",servicios,184973,5,1.0,20,0.04,0,0.7442,0.029,1.7731,gasto_inusual,1
2026-05-02,"Cafe y postre",ocio,10123,5,1.8,59,0.118,0,0.0307,0.3116,2.1423,gasto_controlado,0
2026-05-02,"Consulta medica",salud,137120,5,1.3,38,0.076,0,0.5489,0.1594,2.0083,gasto_emergencia,1
2026-05-02,"Recarga transporte",transporte,9027,5,1.1,125,0.25,0,0.0262,0.7899,1.9161,gasto_frecuente,1
2026-05-03,"Compra en supermercado",alimentacion,120816,5,1.2,154,0.308,0,0.4824,1,2.6824,gasto_elevado,1
2026-05-03,"Cena en restaurante",ocio,63234,5,1.8,59,0.118,0,0.2474,0.3116,2.359,gasto_no_esencial_alto,1
2026-05-03,"Compra farmacia",salud,20692,5,1.3,38,0.076,0,0.0738,0.1594,1.5332,gasto_controlado,0
2026-05-03,"Pago de agua",servicios,43115,5,1.0,20,0.04,0,0.1653,0.029,1.1943,gasto_controlado,0
2026-05-03,"Taxi por lluvia",transporte,16774,5,1.1,125,0.25,0,0.0578,0.7899,1.9477,gasto_frecuente,1
2026-05-04,"Domicilio comida",alimentacion,34955,5,1.2,154,0.308,0,0.132,1,2.332,gasto_controlado,0
2026-05-04,"Domicilio comida",alimentacion,36424,5,1.2,154,0.308,0,0.138,1,2.338,gasto_controlado,0
2026-05-04,"Bus ida y regreso",transporte,5794,5,1.1,125,0.25,0,0.013,0.7899,1.9029,gasto_frecuente,1
2026-05-05,"Snack tarde",alimentacion,6751,5,1.2,154,0.308,1,0.0169,1,3.2169,gasto_incremento_recurrente,1
2026-05-05,"Pago de internet",servicios,89218,5,1.0,20,0.04,0,0.3534,0.029,1.3824,gasto_inusual,1
2026-05-05,"Pasaje de bus",transporte,2980,5,1.1,125,0.25,1,0.0015,0.7899,2.8914,gasto_incremento_recurrente,1
2026-05-06,"Almuerzo oficina",alimentacion,15006,5,1.2,154,0.308,1,0.0506,1,3.2506,gasto_incremento_recurrente,1
2026-05-06,"Snack tarde",alimentacion,5713,5,1.2,154,0.308,0,0.0127,1,2.2127,gasto_frecuente,1
2026-05-06,"Matricula curso corto",educacion,190075,5,1.1,35,0.07,0,0.765,0.1377,2.0027,gasto_inusual,1
2026-05-06,"Taxi por lluvia",transporte,31160,5,1.1,125,0.25,1,0.1165,0.7899,3.0064,gasto_incremento_recurrente,1
2026-05-07,"Compra en supermercado",alimentacion,149150,5,1.2,154,0.308,1,0.598,1,3.798,gasto_incremento_recurrente,1
2026-05-07,"Compra no planeada",compras_no_esenciales,93036,5,2.0,16,0.032,1,0.369,0,3.369,gasto_incremento_recurrente,1
2026-05-07,"Cena en restaurante",ocio,83771,5,1.8,59,0.118,1,0.3312,0.3116,3.4428,gasto_incremento_recurrente,1
2026-05-07,"Pago de celular",servicios,59353,5,1.0,20,0.04,0,0.2316,0.029,1.2605,gasto_controlado,0
2026-05-07,"Pasaje de bus",transporte,4351,5,1.1,125,0.25,1,0.0071,0.7899,2.897,gasto_incremento_recurrente,1
2026-05-08,"Compra de ropa",compras_no_esenciales,213640,5,2.0,16,0.032,1,0.8611,0,3.8611,gasto_incremento_recurrente,1
2026-05-08,"Matricula curso corto",educacion,172858,5,1.1,35,0.07,0,0.6947,0.1377,1.9324,gasto_inusual,1
2026-05-08,"Transporte app",transporte,30840,5,1.1,125,0.25,1,0.1152,0.7899,3.0051,gasto_incremento_recurrente,1
2026-05-09,"Desayuno fuera",alimentacion,15201,5,1.2,154,0.308,1,0.0514,1,3.2514,gasto_incremento_recurrente,1
2026-05-09,"Compra de cuaderno",educacion,8393,5,1.1,35,0.07,0,0.0236,0.1377,1.2613,gasto_controlado,0
2026-05-09,"Suscripcion de Netflix",entretenimiento,29285,5,1.9,53,0.106,1,0.1089,0.2681,3.277,gasto_incremento_recurrente,1
2026-05-10,"Almuerzo oficina",alimentacion,20682,5,1.2,154,0.308,1,0.0738,1,3.2738,gasto_incremento_recurrente,1
2026-05-10,"Domicilio comida",alimentacion,32414,5,1.2,154,0.308,0,0.1216,1,2.3216,gasto_controlado,0
2026-05-10,"Material de estudio",educacion,18288,5,1.1,35,0.07,0,0.064,0.1377,1.3017,gasto_controlado,0
2026-05-10,"Evento cultural",entretenimiento,67765,5,1.9,53,0.106,0,0.2659,0.2681,2.434,gasto_no_esencial_alto,1
2026-05-10,"Gasolina",transporte,65235,5,1.1,125,0.25,0,0.2556,0.7899,2.1454,gasto_controlado,0
2026-05-10,"Pasaje de bus",transporte,4310,5,1.1,125,0.25,0,0.007,0.7899,1.8968,gasto_frecuente,1
2026-05-11,"Compra en supermercado",alimentacion,135487,5,1.2,154,0.308,0,0.5422,1,2.7422,gasto_elevado,1
2026-05-11,"Plataforma de musica",entretenimiento,17511,5,1.9,53,0.106,0,0.0608,0.2681,2.2289,gasto_controlado,0
2026-05-11,"Consulta medica",salud,94545,5,1.3,38,0.076,0,0.3752,0.1594,1.8346,gasto_emergencia,1
2026-05-12,"Mercado de la semana",alimentacion,117472,5,1.2,154,0.308,1,0.4687,1,3.6687,gasto_incremento_recurrente,1
2026-05-12,"Salida fin de semana",ocio,141674,5,1.8,59,0.118,1,0.5675,0.3116,3.6791,gasto_incremento_recurrente,1
2026-05-12,"Consulta medica",salud,88586,5,1.3,38,0.076,0,0.3508,0.1594,1.8103,gasto_emergencia,1
2026-05-12,"Transporte app",transporte,33790,5,1.1,125,0.25,0,0.1273,0.7899,2.0171,gasto_controlado,0
2026-05-13,"Domicilio comida",alimentacion,34003,5,1.2,154,0.308,0,0.1281,1,2.3281,gasto_controlado,0
2026-05-13,"Curso virtual",educacion,110057,5,1.1,35,0.07,0,0.4385,0.1377,1.6761,gasto_inusual,1
2026-05-13,"Salida con amigos",ocio,91823,5,1.8,59,0.118,1,0.3641,0.3116,3.4756,gasto_incremento_recurrente,1
2026-05-13,"Gasolina",transporte,74289,5,1.1,125,0.25,1,0.2925,0.7899,3.1824,gasto_incremento_recurrente,1
2026-05-14,"Mercado de la semana",alimentacion,70497,5,1.2,154,0.308,0,0.277,1,2.477,gasto_controlado,0
2026-05-14,"Evento cultural",entretenimiento,110464,5,1.9,53,0.106,1,0.4401,0.2681,3.6082,gasto_incremento_recurrente,1
2026-05-14,"Pasaje de bus",transporte,2854,5,1.1,125,0.25,0,0.001,0.7899,1.8909,gasto_frecuente,1
2026-05-15,"Compra de zapatos",compras_no_esenciales,241930,5,2.0,16,0.032,1,0.9766,0,3.9766,gasto_incremento_recurrente,1
2026-05-15,"Matricula curso corto",educacion,187554,5,1.1,35,0.07,0,0.7547,0.1377,1.9924,gasto_inusual,1
2026-05-15,"Gimnasio mensual",salud,79187,5,1.3,38,0.076,0,0.3125,0.1594,1.7719,gasto_emergencia,1
2026-05-15,"Pasaje de bus",transporte,3668,5,1.1,125,0.25,1,0.0043,0.7899,2.8942,gasto_incremento_recurrente,1
2026-05-15,"Recarga transporte",transporte,19304,5,1.1,125,0.25,1,0.0681,0.7899,2.958,gasto_incremento_recurrente,1
2026-05-16,"Almuerzo oficina",alimentacion,15742,5,1.2,154,0.308,0,0.0536,1,2.2536,gasto_frecuente,1
2026-05-16,"Compra de frutas",alimentacion,22340,5,1.2,154,0.308,0,0.0805,1,2.2805,gasto_controlado,0
2026-05-16,"Matricula curso corto",educacion,147635,5,1.1,35,0.07,0,0.5918,0.1377,1.8295,gasto_inusual,1
2026-05-16,"Helado y bebida",ocio,20383,5,1.8,59,0.118,1,0.0725,0.3116,3.1841,gasto_incremento_recurrente,1
2026-05-16,"Helado y bebida",ocio,14864,5,1.8,59,0.118,0,0.05,0.3116,2.1616,gasto_controlado,0
2026-05-16,"Pasaje de bus",transporte,4006,5,1.1,125,0.25,0,0.0057,0.7899,1.8956,gasto_frecuente,1
2026-05-16,"Recarga transporte",transporte,11962,5,1.1,125,0.25,0,0.0382,0.7899,1.928,gasto_frecuente,1
2026-05-17,"Compra de frutas",alimentacion,32064,5,1.2,154,0.308,1,0.1202,1,3.3202,gasto_incremento_recurrente,1
2026-05-17,"Cafe y postre",ocio,12424,5,1.8,59,0.118,1,0.0401,0.3116,3.1517,gasto_incremento_recurrente,1
2026-05-17,"Transporte app",transporte,25607,5,1.1,125,0.25,0,0.0939,0.7899,1.9837,gasto_controlado,0
2026-05-18,"Compra no planeada",compras_no_esenciales,67885,5,2.0,16,0.032,0,0.2664,0,2.2664,gasto_no_esencial_alto,1
2026-05-18,"Helado y bebida",ocio,23934,5,1.8,59,0.118,1,0.087,0.3116,3.1986,gasto_incremento_recurrente,1
2026-05-18,"Consulta medica",salud,126371,5,1.3,38,0.076,1,0.505,0.1594,2.9644,gasto_emergencia,1
2026-05-18,"Gasolina",transporte,87376,5,1.1,125,0.25,1,0.3459,0.7899,3.2358,gasto_incremento_recurrente,1
2026-05-19,"Compra en supermercado",alimentacion,148722,5,1.2,154,0.308,0,0.5962,1,2.7962,gasto_elevado,1
2026-05-19,"Suscripcion almacenamiento",entretenimiento,12992,5,1.9,53,0.106,1,0.0424,0.2681,3.2105,gasto_incremento_recurrente,1
2026-05-19,"Cafe y postre",ocio,16754,5,1.8,59,0.118,1,0.0577,0.3116,3.1693,gasto_incremento_recurrente,1
2026-05-19,"Taxi por lluvia",transporte,23242,5,1.1,125,0.25,0,0.0842,0.7899,1.9741,gasto_controlado,0
2026-05-19,"Transporte app",transporte,21483,5,1.1,125,0.25,0,0.077,0.7899,1.9669,gasto_controlado,0
2026-05-20,"Cena en casa",alimentacion,26165,5,1.2,154,0.308,1,0.0961,1,3.2961,gasto_incremento_recurrente,1
2026-05-20,"Mercado de la semana",alimentacion,82741,5,1.2,154,0.308,1,0.327,1,3.527,gasto_incremento_recurrente,1
2026-05-20,"Salida con amigos",ocio,51747,5,1.8,59,0.118,0,0.2005,0.3116,2.3121,gasto_no_esencial_alto,1
2026-05-20,"Gasolina",transporte,50277,5,1.1,125,0.25,0,0.1945,0.7899,2.0844,gasto_controlado,0
2026-05-21,"Pasaje de bus",transporte,3688,5,1.1,125,0.25,0,0.0044,0.7899,1.8943,gasto_frecuente,1
2026-05-21,"Recarga transporte",transporte,15228,5,1.1,125,0.25,1,0.0515,0.7899,2.9414,gasto_incremento_recurrente,1
2026-05-22,"Cena en casa",alimentacion,23860,5,1.2,154,0.308,0,0.0867,1,2.2867,gasto_controlado,0
2026-05-22,"Compra de libro",educacion,21225,5,1.1,35,0.07,0,0.076,0.1377,1.3137,gasto_controlado,0
2026-05-22,"Helado y bebida",ocio,13905,5,1.8,59,0.118,0,0.0461,0.3116,2.1577,gasto_controlado,0
2026-05-22,"Gasolina",transporte,86066,5,1.1,125,0.25,1,0.3406,0.7899,3.2304,gasto_incremento_recurrente,1
2026-05-23,"Salida con amigos",ocio,73456,5,1.8,59,0.118,1,0.2891,0.3116,3.4007,gasto_incremento_recurrente,1
2026-05-23,"Transporte app",transporte,15736,5,1.1,125,0.25,0,0.0536,0.7899,1.9434,gasto_frecuente,1
2026-05-24,"Material de estudio",educacion,25861,5,1.1,35,0.07,1,0.0949,0.1377,2.3326,gasto_incremento_recurrente,1
2026-05-24,"Cafe y postre",ocio,12957,5,1.8,59,0.118,0,0.0422,0.3116,2.1538,gasto_controlado,0
2026-05-24,"Recarga transporte",transporte,17790,5,1.1,125,0.25,1,0.062,0.7899,2.9518,gasto_incremento_recurrente,1
2026-05-25,"Almuerzo oficina",alimentacion,17546,5,1.2,154,0.308,1,0.061,1,3.261,gasto_incremento_recurrente,1
2026-05-25,"Compra en supermercado",alimentacion,153606,5,1.2,154,0.308,0,0.6162,1,2.8162,gasto_elevado,1
2026-05-25,"Compra de cuaderno",educacion,11905,5,1.1,35,0.07,1,0.0379,0.1377,2.2756,gasto_incremento_recurrente,1
2026-05-25,"Pago plataforma educativa",educacion,45811,5,1.1,35,0.07,1,0.1763,0.1377,2.414,gasto_incremento_recurrente,1
2026-05-25,"Suscripcion almacenamiento",entretenimiento,12727,5,1.9,53,0.106,0,0.0413,0.2681,2.2094,gasto_controlado,0
2026-05-25,"Recarga transporte",transporte,15854,5,1.1,125,0.25,0,0.0541,0.7899,1.9439,gasto_frecuente,1
2026-05-26,"Cena en casa",alimentacion,28762,5,1.2,154,0.308,1,0.1067,1,3.3067,gasto_incremento_recurrente,1
2026-05-26,"Snack tarde",alimentacion,12237,5,1.2,154,0.308,1,0.0393,1,3.2393,gasto_incremento_recurrente,1
2026-05-27,"Cena en casa",alimentacion,40083,5,1.2,154,0.308,1,0.1529,1,3.3529,gasto_incremento_recurrente,1
2026-05-27,"Salida a cine",entretenimiento,58956,5,1.9,53,0.106,0,0.2299,0.2681,2.3981,gasto_no_esencial_alto,1
2026-05-27,"Suscripcion almacenamiento",entretenimiento,10402,5,1.9,53,0.106,0,0.0318,0.2681,2.1999,gasto_controlado,0
2026-05-28,"Almuerzo oficina",alimentacion,18923,5,1.2,154,0.308,0,0.0666,1,2.2666,gasto_frecuente,1
2026-05-29,"Almuerzo oficina",alimentacion,12711,5,1.2,154,0.308,0,0.0412,1,2.2412,gasto_frecuente,1
2026-05-29,"Matricula curso corto",educacion,247673,5,1.1,35,0.07,1,1,0.1377,3.2377,gasto_incremento_recurrente,1
2026-05-29,"Cafe y postre",ocio,12252,5,1.8,59,0.118,0,0.0394,0.3116,2.151,gasto_controlado,0
2026-05-29,"Pasaje de bus",transporte,3693,5,1.1,125,0.25,0,0.0044,0.7899,1.8943,gasto_frecuente,1
2026-05-30,"Compra en supermercado",alimentacion,91427,5,1.2,154,0.308,0,0.3624,1,2.5624,gasto_elevado,1
2026-05-30,"Compra farmacia",salud,34167,5,1.3,38,0.076,1,0.1288,0.1594,2.5882,gasto_incremento_recurrente,1
2026-05-30,"Bus ida y regreso",transporte,7007,5,1.1,125,0.25,1,0.018,0.7899,2.9078,gasto_incremento_recurrente,1
2026-05-31,"Snack tarde",alimentacion,11848,5,1.2,154,0.308,0,0.0377,1,2.2377,gasto_frecuente,1
2026-05-31,"Bus ida y regreso",transporte,5528,5,1.1,125,0.25,0,0.0119,0.7899,1.9018,gasto_frecuente,1
2026-05-31,"Gasolina",transporte,66397,5,1.1,125,0.25,0,0.2603,0.7899,2.1502,gasto_controlado,0
2026-05-31,"Transporte app",transporte,26573,5,1.1,125,0.25,1,0.0978,0.7899,2.9877,gasto_incremento_recurrente,1
